{
    "Blue": {
        "Bukit Panjang Mrt Station": {
            "x": 103.7615559,
            "y": 1.379002117
        },
        "Cashew Mrt Station": {
            "x": 103.764714,
            "y": 1.369369831
        },
        "Hillview Mrt Station": {
            "x": 103.7674369,
            "y": 1.362344869
        },
        "Beauty World Mrt Station": {
            "x": 103.77581,
            "y": 1.341223176
        },
        "King Albert Park Mrt Station": {
            "x": 103.7838201,
            "y": 1.335665121
        },
        "Sixth Avenue Mrt Station": {
            "x": 103.7972561,
            "y": 1.330786387
        },
        "Tan Kah Kee Mrt Station": {
            "x": 103.8073292,
            "y": 1.325883209
        },
        "Botanic Gardens Mrt Station": {
            "x": 103.8161362,
            "y": 1.322423979
        },
        "Stevens Mrt Station": {
            "x": 103.8260263,
            "y": 1.320065557
        },
        "Newton Mrt Station": {
            "x": 103.8378098,
            "y": 1.313607102
        },
        "Little India Mrt Station": {
            "x": 103.8524167,
            "y": 1.303916484
        },
        "Rochor Mrt Station": {
            "x": 103.8496427,
            "y": 1.306800025
        },
        "Bugis Mrt Station": {
            "x": 103.8568623,
            "y": 1.299550746
        },
        "Promenade Mrt Station": {
            "x": 103.860846,
            "y": 1.292891552
        },
        "Bayfront Mrt Station": {
            "x": 103.8590733,
            "y": 1.281873788
        },
        "Downtown Mrt Station": {
            "x": 103.8528356,
            "y": 1.27944619
        },
        "Telok Ayer Mrt Station": {
            "x": 103.8482991,
            "y": 1.282289536
        },
        "Chinatown Mrt Station": {
            "x": 103.8444484,
            "y": 1.284748969
        },
        "Fort Canning Mrt Station": {
            "x": 103.8443255,
            "y": 1.292478928
        },
        "Bencoolen Mrt Station": {
            "x": 103.8503799,
            "y": 1.29886427
        },
        "Jalan Besar Mrt Station": {
            "x": 103.8554713,
            "y": 1.305403642
        },
        "Bendemeer Mrt Station": {
            "x": 103.8629702,
            "y": 1.313672233
        },
        "Geylang Bahru Mrt Station": {
            "x": 103.8718904,
            "y": 1.321505838
        },
        "Mattar Mrt Station": {
            "x": 103.8832341,
            "y": 1.326876715
        },
        "Macpherson Mrt Station": {
            "x": 103.8893356,
            "y": 1.326076883
        },
        "Ubi Mrt Station": {
            "x": 103.8992348,
            "y": 1.329956826
        },
        "Kaki Bukit Mrt Station": {
            "x": 103.9084393,
            "y": 1.334967302
        },
        "Bedok North Mrt Station": {
            "x": 103.9179554,
            "y": 1.334742117
        },
        "Bedok Reservoir Mrt Station": {
            "x": 103.9322077,
            "y": 1.33660783
        },
        "Tampines West Mrt Station": {
            "x": 103.938408,
            "y": 1.345515305
        },
        "Tampines Mrt Station": {
            "x": 103.9430298,
            "y": 1.355077429
        },
        "Tampines East Mrt Station": {
            "x": 103.9546005,
            "y": 1.356191483
        },
        "Upper Changi Mrt Station": {
            "x": 103.9614367,
            "y": 1.341737484
        },
        "Expo Mrt Station": {
            "x": 103.9623407,
            "y": 1.335382137
        }
    },
    "Green": {
        "Pasir Ris Mrt Station": {
            "x": 103.9492348,
            "y": 1.372983774
        },
        "Tampines Mrt Station": {
            "x": 103.9451175,
            "y": 1.353301356
        },
        "Simei Mrt Station": {
            "x": 103.9533387,
            "y": 1.343202895
        },
        "Tanah Merah Mrt Station": {
            "x": 103.9463161,
            "y": 1.327187135
        },
        "Bedok Mrt Station": {
            "x": 103.9299587,
            "y": 1.323979969
        },
        "Kembangan Mrt Station": {
            "x": 103.9129282,
            "y": 1.321038249
        },
        "Eunos Mrt Station": {
            "x": 103.9032339,
            "y": 1.319778952
        },
        "Paya Lebar Mrt Station": {
            "x": 103.8930446,
            "y": 1.318112082
        },
        "Aljunied Mrt Station": {
            "x": 103.882893,
            "y": 1.316432612
        },
        "Kallang Mrt Station": {
            "x": 103.8713766,
            "y": 1.31148891
        },
        "Lavender Mrt Station": {
            "x": 103.8628215,
            "y": 1.30735702
        },
        "Bugis Mrt Station": {
            "x": 103.8557007,
            "y": 1.300465076
        },
        "City Hall Mrt Station": {
            "x": 103.852581,
            "y": 1.292936243
        },
        "Raffles Place Mrt Station": {
            "x": 103.8514572,
            "y": 1.284125611
        },
        "Tanjong Pagar Mrt Station": {
            "x": 103.8458611,
            "y": 1.276521247
        },
        "Outram Park Mrt Station": {
            "x": 103.8395732,
            "y": 1.279764543
        },
        "Tiong Bahru Mrt Station": {
            "x": 103.827021,
            "y": 1.286193393
        },
        "Redhill Mrt Station": {
            "x": 103.8168209,
            "y": 1.289562726
        },
        "Queenstown Mrt Station": {
            "x": 103.8058913,
            "y": 1.294860933
        },
        "Commonwealth Mrt Station": {
            "x": 103.7983136,
            "y": 1.302438735
        },
        "Buona Vista Mrt Station": {
            "x": 103.7902028,
            "y": 1.307183467
        },
        "Dover Mrt Station": {
            "x": 103.7786522,
            "y": 1.311405293
        },
        "Clementi Mrt Station": {
            "x": 103.7653168,
            "y": 1.314954492
        },
        "Jurong East Mrt Station": {
            "x": 103.7423112,
            "y": 1.33315262
        },
        "Chinese Garden Mrt Station": {
            "x": 103.7326244,
            "y": 1.342352821
        },
        "Lakeside Mrt Station": {
            "x": 103.7209802,
            "y": 1.344259249
        },
        "Boon Lay Mrt Station": {
            "x": 103.7060994,
            "y": 1.338604054
        },
        "Pioneer Mrt Station": {
            "x": 103.6973586,
            "y": 1.337586882
        },
        "Joo Koon Mrt Station": {
            "x": 103.6784167,
            "y": 1.327717173
        },
        "Gul Circle Mrt Station": {
            "x": 103.6605988,
            "y": 1.319505215
        },
        "Tuas Crescent Mrt Station": {
            "x": 103.6491245,
            "y": 1.321026553
        },
        "Tuas West Road Mrt Station": {
            "x": 103.6396662,
            "y": 1.329989089
        },
        "Tuas Link Mrt Station": {
            "x": 103.6369324,
            "y": 1.340463766
        }
    },
    "Purple": {
        "Harbourfront Mrt Station": {
            "x": 103.821446,
            "y": 1.26547264
        },
        "Outram Park Mrt Station": {
            "x": 103.839125,
            "y": 1.28140498
        },
        "Chinatown Mrt Station": {
            "x": 103.8434242,
            "y": 1.284359578
        },
        "Clarke Quay Mrt Station": {
            "x": 103.8465519,
            "y": 1.288386024
        },
        "Dhoby Ghaut Mrt Station": {
            "x": 103.8454851,
            "y": 1.299705459
        },
        "Little India Mrt Station": {
            "x": 103.8485807,
            "y": 1.307198223
        },
        "Farrer Park Mrt Station": {
            "x": 103.8541717,
            "y": 1.31235984
        },
        "Boon Keng Mrt Station": {
            "x": 103.861679,
            "y": 1.319395706
        },