{
  "Bloor-Danforth": {
    "Kipling": {
      "x": 6.181016129999999,
      "y": 48.32636300000001
    },
    "Islington": {
      "x": 6.189906128000002,
      "y": 48.33544113399999
    },
    "Royal York": {
      "x": 6.200564956999998,
      "y": 48.338827638000005
    },
    "Old Mill": {
      "x": 6.213616775000002,
      "y": 48.341119013000004
    },
    "Jane": {
      "x": 6.222206642000005,
      "y": 48.340913814000004
    },
    "Runnymede": {
      "x": 6.228745076999999,
      "y": 48.34305388599999
    },
    "High Park": {
      "x": 6.236848810000001,
      "y": 48.345849111
    },
    "Keele": {
      "x": 6.2419161610000025,
      "y": 48.34764329600001
    },
    "Dundas West": {
      "x": 6.247932070000004,
      "y": 48.34950949899999
    },
    "Lansdowne": {
      "x": 6.255784417000003,
      "y": 48.35178397500001
    },
    "Dufferin": {
      "x": 6.261492454000003,
      "y": 48.35327524800001
    },
    "Ossington": {
      "x": 6.269133717,
      "y": 48.355830672
    },
    "Christie": {
      "x": 6.275143394,
      "y": 48.35782255899999
    },
    "Bathurst": {
      "x": 6.2808630370000005,
      "y": 48.359665885000005
    },
    "Spadina": {
      "x": 6.286735373999998,
      "y": 48.361586898999995
    },
    "St. George": {
      "x": 6.290306935,
      "y": 48.362754167
    },
    "Bay": {
      "x": 6.298023183000004,
      "y": 48.365094012
    },
    "Bloor-Yonge": {
      "x": 6.301369649999999,
      "y": 48.365756747999995
    },
    "Sherbourne": {
      "x": 6.308739337,
      "y": 48.367578968000004
    },
    "Castle Frank": {
      "x": 6.315212781999996,
      "y": 48.36950423900001
    },
    "Broadview": {
      "x": 6.323063570999997,
      "y": 48.37276515900001
    },
    "Chester": {
      "x": 6.328200464000004,
      "y": 48.374635549
    },
    "Pape": {
      "x": 6.333957292999997,
      "y": 48.376369014
    },
    "Donlands": {
      "x": 6.339781013000002,
      "y": 48.37809556500001
    },
    "Greenwood": {
      "x": 6.345808405,
      "y": 48.379959002
    },
    "Coxwell": {
      "x": 6.351573298000004,
      "y": 48.38173966499999
    },
    "Woodbine": {
      "x": 6.3596711180000005,
      "y": 48.384374433
    },
    "Main Street": {
      "x": 6.368447215,
      "y": 48.387296821
    },
    "Victoria Park": {
      "x": 6.378434293,
      "y": 48.393787958000004
    },
    "Warden": {
      "x": 6.3864281329999955,
      "y": 48.412324618
    },
    "Kennedy": {
      "x": 6.398341255000001,
      "y": 48.43622664999999
    }
  },
  "Yonge-University-Spadina": {
    "Downsview": {
      "x": 6.237894236000003,
      "y": 48.452328388
    },
    "Wilson": {
      "x": 6.248250492000002,
      "y": 48.435206756999996
    },
    "Yorkdale": {
      "x": 6.250147216999997,
      "y": 48.425622694000005
    },
    "Lawrence West": {
      "x": 6.253318651000001,
      "y": 48.414979307
    },
    "Glencairn": {
      "x": 6.255796401000004,
      "y": 48.407942227
    },
    "Eglinton West": {
      "x": 6.260097193999998,
      "y": 48.39678244899999
    },
    "St Clair West": {
      "x": 6.277160629000003,
      "y": 48.38010034
    },
    "Dupont": {
      "x": 6.284067703999998,
      "y": 48.370064668000005
    },
    "Spadina": {
      "x": 6.286735373999998,
      "y": 48.361586898999995
    },
    "St. George": {
      "x": 6.290306935,
      "y": 48.362754167
    },
    "Museum": {
      "x": 6.295144122000002,
      "y": 48.36180636499999
    },
    "Queen's Park": {
      "x": 6.297794412000003,
      "y": 48.35353701300001
    },
    "St. Patrick": {
      "x": 6.299641666000001,
      "y": 48.347990593
    },
    "Osgoode": {
      "x": 6.301079270000002,
      "y": 48.343581994000004
    },
    "St. Andrew": {
      "x": 6.302608339,
      "y": 48.340069269999994
    },
    "Union": {
      "x": 6.3066089199999995,
      "y": 48.338045167999994
    },
    "King": {
      "x": 6.308183757999996,
      "y": 48.341827380999995
    },
    "Queen": {
      "x": 6.306980229000002,
      "y": 48.345409288
    },
    "Dundas": {
      "x": 6.305552329000002,
      "y": 48.34978387499999
    },
    "College": {
      "x": 6.303709149000002,
      "y": 48.355345867
    },
    "Wellesley": {
      "x": 6.303076070999997,
      "y": 48.359622787
    },
    "Bloor-Yonge": {
      "x": 6.301369649999999,
      "y": 48.365756747999995
    },
    "Rosedale": {
      "x": 6.298859058999996,
      "y": 48.372653742000004
    },
    "Summerhill": {
      "x": 6.296714627999998,
      "y": 48.379597383
    },
    "St. Clair": {
      "x": 6.294352701000003,
      "y": 48.385043161999995
    },
    "Davisville": {
      "x": 6.2914090979999955,
      "y": 48.395837094
    },
    "Eglinton": {
      "x": 6.290219767000004,
      "y": 48.40533355799999
    },
    "Lawrence": {
      "x": 6.286956200000001,
      "y": 48.42566191299999
    },
    "York Mills": {
      "x": 6.283037988,
      "y": 48.44693212300001
    },
    "Sheppard-Yonge": {
      "x": 6.279114408,
      "y": 48.46611989600001
    },
    "North York Centre": {
      "x": 6.277551885000002,
      "y": 48.47418117000001
    },
    "Finch": {
      "x": 6.2750540220000035,
      "y": 48.486397828
    }
  },
  "Sheppard": {
    "Sheppard-Yonge": {
      "x": 6.279114408,
      "y": 48.46611989600001
    },
    "Bayview": {
      "x": 6.2976250380000005,
      "y": 48.472313684999996
    },
    "Bessarion": {
      "x": 6.306550801999998,
      "y": 48.47517606699999
    },
    "Leslie": {
      "x": 6.3144175810000025,
      "y": 48.477272725000006
    },
    "Don Mills": {
      "x": 6.330871371999998,
      "y": 48.482473844000005
    }
  }
}
